{
    "EGKK": {
        "boundingBox": [
            [
                51.13719270370898,
                -0.21951900613886854
            ],
            [
                51.141721140088784,
                -0.14012682199274115
            ],
            [
                51.1792900203234,
                -0.153118270307562
            ],
            [
                51.16897294200857,
                -0.22919041766212397
            ]
        ],
        "elevation": 203
    },
    "EGPH": {
        "boundingBox": [
            [
                55.971760870855405,
                -3.3355042299469266
            ],
            [
                55.93283621469401,
                -3.3263203472236804
            ],
            [
                55.934951645546896,
                -3.3925816353185465
            ],
            [
                55.96210544001433,
                -3.406829529098473
            ]
        ],
        "elevation": 136
    },
    "EGCC": {
        "boundingBox": [
            [
                53.37328989679097,
                -2.3346548753120744
            ],
            [
                53.32256468988526,
                -2.3196255728380852
            ],
            [
                53.326592705048924,
                -2.2386985595166053
            ],
            [
                53.39006997975631,
                -2.2504522447847246
            ]
        ],
        "elevation": 257
    }
}