{
    "EGKK": {
        "boundingBox": [
            [
                51.13719270370898,
                -0.21951900613886854
            ],
            [
                51.141721140088784,
                -0.14012682199274115
            ],
            [
                51.1792900203234,
                -0.153118270307562
            ],
            [
                51.16897294200857,
                -0.22919041766212397
            ]
        ],
        "elevation": 203
    },
    "EGPH": {
        "boundingBox": [
            [
                55.971760870855405,
                -3.3355042299469266
            ],
            [
                55.93283621469401,
                -3.3263203472236804
            ],
            [
                55.934951645546896,
                -3.3925816353185465
            ],
            [
                55.96210544001433,
                -3.406829529098473
            ]
        ],
        "elevation": 136
    },
    "EGCC": {
        "boundingBox": [
            [
                53.37328989679097,
                -2.3346548753120744
            ],
            [
                53.32256468988526,
                -2.3196255728380852
            ],
            [
                53.326592705048924,
                -2.2386985595166053
            ],
            [
                53.39006997975631,
                -2.2504522447847246
            ]
        ],
        "elevation": 257
    },
    "EGSS": {
        "boundingBox": [
            [
                51.90943593899196,
                0.19949979009636454
            ],
            [
                51.919657387435656,
                0.28370242389980005
            ],
            [
                51.86733710022249,
                0.28813414146840194
            ],
            [
                51.86281567198585,
                0.2004632069591041
            ]
        ],
        "elevation": 348,
        "threshold": [
            51.895098883402255,
            0.25000308160483825
        ]
    },
    "EGLL": {
        "boundingBox": [
            [
                51.48657505973544,
                -0.5018267988508461
            ],
            [
                51.49133877430349,
                -0.41247450433002286
            ],
            [
                51.45096626840605,
                -0.4173823848045107
            ],
            [
                51.45285531123061,
                -0.49605282182203686
            ]
        ],
        "elevation": 83
    },
    "EGNX": {
        "boundingBox": [
            [
                52.835054128184986,
                -1.359634149403109
            ],
            [
                52.83448375991865,
                -1.2994668412814827
            ],
            [
                52.82177816183866,
                -1.3040158674304787
            ],
            [
                52.821311354825745,
                -1.3599774721313351
            ]
        ],
        "elevation": 306
    }
}